Name,Rating,Price,Available
It's Only the Himalayas,Two,Â£45.17,In stock
Full Moon over Noahâs ...,Four,Â£49.43,In stock
See America: A Celebration ...,Three,Â£48.87,In stock
Vagabonding: An Uncommon Guide ...,Two,Â£36.94,In stock
Under the Tuscan Sun,Three,Â£37.33,In stock
A Summer In Europe,Two,Â£44.34,In stock
The Great Railway Bazaar,One,Â£30.54,In stock
A Year in Provence ...,Four,Â£56.88,In stock
The Road to Little ...,One,Â£23.21,In stock
Neither Here nor There: ...,Three,Â£38.95,In stock
"1,000 Places to See ...",Five,Â£26.08,In stock
Sharp Objects,Four,Â£47.82,In stock
"In a Dark, Dark ...",One,Â£19.63,In stock
The Past Never Ends,Four,Â£56.50,In stock
A Murder in Time,One,Â£16.64,In stock
The Murder of Roger ...,Four,Â£44.10,In stock
The Last Mile (Amos ...,Two,Â£54.21,In stock
That Darkness (Gardiner and ...,One,Â£13.92,In stock
Tastes Like Fear (DI ...,One,Â£10.69,In stock
A Time of Torment ...,Five,Â£48.35,In stock
A Study in Scarlet ...,Two,Â£16.73,In stock
Poisonous (Max Revere Novels ...,Three,Â£26.80,In stock
Murder at the 42nd ...,Four,Â£54.36,In stock
Most Wanted,Three,Â£35.28,In stock
Hide Away (Eve Duncan ...,One,Â£11.84,In stock
Boar Island (Anna Pigeon ...,Three,Â£59.48,In stock
The Widow,Two,Â£27.26,In stock
Playing with Fire,Three,Â£13.71,In stock
What Happened on Beale ...,Five,Â£25.37,In stock
The Bachelor Girl's Guide ...,Five,Â£52.30,In stock
Delivering the Truth (Quaker ...,Four,Â£20.89,In stock
Tipping the Velvet,One,Â£53.74,In stock
Forever and Forever: The ...,Three,Â£29.69,In stock
A Flight of Arrows ...,Five,Â£55.53,In stock
The House by the ...,One,Â£36.95,In stock
Mrs. Houdini,Five,Â£30.25,In stock
The Marriage of Opposites,Four,Â£28.08,In stock
Glory over Everything: Beyond ...,Three,Â£45.84,In stock
"Love, Lies and Spies",Two,Â£20.55,In stock
A Paris Apartment,Four,Â£39.01,In stock
Lilac Girls,Two,Â£17.28,In stock
The Constant Princess (The ...,Three,Â£16.62,In stock
The Invention of Wings,One,Â£37.34,In stock
World Without End (The ...,Four,Â£32.97,In stock
The Passion of Dolssa,Five,Â£28.32,In stock
Girl With a Pearl ...,One,Â£26.77,In stock
Voyager (Outlander #3),Five,Â£21.07,In stock
The Red Tent,Five,Â£35.66,In stock
The Last Painting of ...,Two,Â£55.55,In stock
The Guernsey Literary and ...,One,Â£49.53,In stock
Girl in the Blue ...,Two,Â£46.83,In stock
Scott Pilgrim's Precious Little ...,Five,Â£52.29,In stock
Tsubasa: WoRLD CHRoNiCLE 2 ...,One,Â£16.28,In stock
This One Summer,Four,Â£19.49,In stock
The Nameless City (The ...,Four,Â£38.16,In stock
"Saga, Volume 5 (Saga ...",Two,Â£51.04,In stock
"Rat Queens, Vol. 3: ...",Three,Â£50.40,In stock
"Princess Jellyfish 2-in-1 Omnibus, ...",Five,Â£13.61,In stock
"Pop Gun War, Volume ...",One,Â£18.97,In stock
Patience,Three,Â£10.16,In stock
"Outcast, Vol. 1: A ...",Four,Â£15.44,In stock
orange: The Complete Collection ...,One,Â£48.41,In stock
"Lumberjanes, Vol. 2: Friendship ...",Two,Â£46.91,In stock
"Lumberjanes, Vol. 1: Beware ...",Three,Â£45.61,In stock
Lumberjanes Vol. 3: A ...,Two,Â£19.92,In stock
"I Hate Fairyland, Vol. ...",Two,Â£29.17,In stock
I am a Hero ...,Three,Â£54.63,In stock
"Giant Days, Vol. 2 ...",Two,Â£22.11,In stock
Danganronpa Volume 1,Four,Â£51.99,In stock
"Codename Baboushka, Volume 1: ...",Four,Â£36.72,In stock
Camp Midnight,Four,Â£17.08,In stock
The Secret Garden,Four,Â£15.08,In stock
The Metamorphosis,One,Â£28.58,In stock
The Pilgrim's Progress,Two,Â£50.26,In stock
The Hound of the ...,Two,Â£14.82,In stock
Little Women (Little Women ...,Four,Â£28.07,In stock
Gone with the Wind,Three,Â£32.49,In stock
Candide,Three,Â£58.63,In stock
Animal Farm,Three,Â£57.22,In stock
Wuthering Heights,Three,Â£17.73,In stock
The Picture of Dorian ...,Two,Â£29.70,In stock
The Complete Stories and ...,Four,Â£26.78,In stock
Beowulf,Two,Â£38.35,In stock
And Then There Were ...,Two,Â£35.01,In stock
The Story of Hong ...,Four,Â£43.19,In stock
The Little Prince,Two,Â£45.42,In stock
Sense and Sensibility,One,Â£37.46,In stock
Of Mice and Men,Two,Â£47.11,In stock
Emma,Two,Â£32.93,In stock
Alice in Wonderland (Alice's ...,One,Â£55.53,In stock
Sophie's World,Five,Â£15.94,In stock
The Death of Humanity: ...,Four,Â£58.11,In stock
The Stranger,Four,Â£17.44,In stock
Proofs of God: Classical ...,One,Â£54.21,In stock
Kierkegaard: A Christian Missionary ...,One,Â£47.13,In stock
At The Existentialist CafÃ©: ...,Five,Â£29.93,In stock
Critique of Pure Reason,One,Â£20.75,In stock
"Run, Spot, Run: The ...",One,Â£20.02,In stock
The Nicomachean Ethics,One,Â£36.34,In stock
Meditations,Two,Â£25.89,In stock
Beyond Good and Evil,One,Â£43.38,In stock
Chase Me (Paris Nights ...,Five,Â£25.27,In stock
Black Dust,Five,Â£34.53,In stock
Her Backup Boyfriend (The ...,One,Â£33.97,In stock
First and First (Five ...,Four,Â£15.97,In stock
Fifty Shades Darker (Fifty ...,One,Â£21.96,In stock
The Wedding Dress,One,Â£24.12,In stock
Suddenly in Love (Lake ...,Two,Â£55.99,In stock
Something More Than This,Four,Â£16.24,In stock
Doing It Over (Most ...,Three,Â£35.61,In stock
The Wedding Pact (The ...,Three,Â£32.61,In stock
Hold Your Breath (Search ...,One,Â£28.82,In stock
Dirty (Dive Bar #1),Four,Â£40.83,In stock
Take Me Home Tonight ...,Three,Â£53.98,In stock
Off the Hook (Fishing ...,Three,Â£47.67,In stock
A Gentleman's Position (Society ...,Five,Â£14.75,In stock
"Sit, Stay, Love",Three,Â£20.90,In stock
A Girl's Guide to ...,One,Â£31.30,In stock
The Perfect Play (Play ...,Three,Â£59.99,In stock
Dark Lover (Black Dagger ...,One,Â£12.87,In stock
Changing the Game (Play ...,Three,Â£13.38,In stock
I Had a Nice ...,Four,Â£57.36,In stock
Will You Won't You ...,Three,Â£13.86,In stock
Keep Me Posted,Four,Â£20.46,In stock
Grey (Fifty Shades #4),Four,Â£48.49,In stock
Meternity,Three,Â£43.58,In stock
Some Women,Five,Â£13.73,In stock
Shopaholic Ties the Knot ...,Five,Â£48.39,In stock
Can You Keep a ...,One,Â£21.94,In stock
Twenties Girl,Two,Â£42.80,In stock
The Undomestic Goddess,Four,Â£45.75,In stock
The Nanny Diaries (Nanny ...,Five,Â£52.53,In stock
The Devil Wears Prada ...,One,Â£44.29,In stock
Something Borrowed (Darcy & ...,Five,Â£48.96,In stock
Something Blue (Darcy & ...,One,Â£54.62,In stock
I've Got Your Number,One,Â£19.69,In stock
The Edge of Reason ...,Four,Â£19.18,In stock
Bridget Jones's Diary (Bridget ...,One,Â£29.82,In stock
Soumission,One,Â£50.10,In stock
Private Paris (Private #10),Five,Â£47.61,In stock
"We Love You, Charlie ...",Five,Â£50.27,In stock
Thirst,Five,Â£17.27,In stock
The Murder That Never ...,Three,Â£54.11,In stock
Tuesday Nights in 1980,Two,Â£21.04,In stock
The Vacationers,Four,Â£42.15,In stock
The Regional Office Is ...,Five,Â£51.36,In stock
Finders Keepers (Bill Hodges ...,Five,Â£53.53,In stock
The Time Keeper,Five,Â£27.88,In stock
The Testament of Mary,Four,Â£52.67,In stock
The First Hostage (J.B. ...,Three,Â£25.85,In stock
Take Me with You,Three,Â£45.21,In stock
Still Life with Bread ...,Three,Â£26.41,In stock
Shtum,Four,Â£55.84,In stock
My Name Is Lucy ...,One,Â£41.56,In stock
My Mrs. Brown,Three,Â£24.48,In stock
Mr. Mercedes (Bill Hodges ...,One,Â£28.90,In stock
I Am Pilgrim (Pilgrim ...,Four,Â£10.60,In stock
Eligible (The Austen Project ...,Three,Â£27.09,In stock
Birdsong: A Story in ...,Three,Â£54.64,In stock
The Bear and the ...,One,Â£36.89,In stock
The Secret of Dreadwillow ...,One,Â£56.13,In stock
The White Cat and ...,Four,Â£58.08,In stock
Little Red,Three,Â£13.47,In stock
Walt Disney's Alice in ...,Five,Â£12.96,In stock
Twenty Yawns,Two,Â£22.08,In stock
Rain Fish,Three,Â£23.57,In stock
Once Was a Time,Two,Â£18.28,In stock
Luis Paints the World,Three,Â£53.95,In stock
Nap-a-Roo,One,Â£25.08,In stock
The Whale,Four,Â£35.96,In stock
"Shrunken Treasures: Literary Classics, ...",Three,Â£52.87,In stock
Raymie Nightingale,Two,Â£34.41,In stock
Playing from the Heart,One,Â£32.38,In stock
Maybe Something Beautiful: How ...,One,Â£22.54,In stock
The Wild Robot,Three,Â£56.07,In stock
The Thing About Jellyfish,One,Â£48.77,In stock
The Lonely Ones,Five,Â£43.59,In stock
The Day the Crayons ...,Five,Â£26.33,In stock
Don't Be a Jerk: ...,Two,Â£37.97,In stock
You Are What You ...,Four,Â£21.87,In stock
God: The Most Unpleasant ...,Five,Â£30.03,In stock
The Book of Mormon,Three,Â£24.57,In stock
A History of God: ...,One,Â£27.62,In stock
The Bhagavad Gita,Three,Â£57.49,In stock
Choosing Our Religion: The ...,Four,Â£28.42,In stock
Worlds Elsewhere: Journeys Around ...,Five,Â£40.30,In stock
The Five Love Languages: ...,Three,Â£31.05,In stock
Reasons to Stay Alive,Two,Â£26.41,In stock
#HigherSelfie: Wake Up Your ...,Five,Â£23.11,In stock
Unseen City: The Majesty ...,Four,Â£44.18,In stock
Throwing Rocks at the ...,Three,Â£31.12,In stock
The Life-Changing Magic of ...,Three,Â£16.77,In stock
The Gutsy Girl: Escapades ...,One,Â£37.13,In stock
The Electric Pencil: Drawings ...,One,Â£56.06,In stock
Spark Joy: An Illustrated ...,Four,Â£41.83,In stock
Reskilling America: Learning to ...,Two,Â£19.83,In stock
In the Country We ...,Four,Â£22.00,In stock
Everydata: The Misinformation Hidden ...,Two,Â£54.35,In stock
Call the Nurse: True ...,Five,Â£29.14,In stock
Algorithms to Live By: ...,One,Â£30.81,In stock
The Power of Now: ...,Two,Â£43.54,In stock
The Omnivore's Dilemma: A ...,Two,Â£38.21,In stock
The Genius of Birds,One,Â£17.24,In stock
The Artist's Way: A ...,Five,Â£38.49,In stock
So You've Been Publicly ...,Two,Â£12.23,In stock
Rip it Up and ...,Five,Â£35.02,In stock
Our Band Could Be ...,Three,Â£57.25,In stock
How Music Works,Two,Â£37.32,In stock
Love Is a Mix ...,One,Â£18.03,In stock
Please Kill Me: The ...,Four,Â£31.19,In stock
Kill 'Em and Leave: ...,Five,Â£45.05,In stock
"Chronicles, Vol. 1",Two,Â£52.60,In stock
This Is Your Brain ...,One,Â£38.40,In stock
Orchestra of Exiles: The ...,Three,Â£12.36,In stock
No One Here Gets ...,Five,Â£20.02,In stock
Life,Five,Â£31.58,In stock
Old Records Never Die: ...,Two,Â£55.66,In stock
Forever Rockers (The Rocker ...,Three,Â£28.80,In stock
The Coming Woman: A ...,Three,Â£17.93,In stock
The Boys in the ...,Four,Â£22.60,In stock
Starving Hearts (Triangular Trade ...,Two,Â£13.99,In stock
America's Cradle of Quarterbacks: ...,Three,Â£22.50,In stock
Aladdin and His Wonderful ...,Three,Â£53.13,In stock
Penny Maybe,Three,Â£33.29,In stock
Maude (1883-1993):She Grew Up ...,Two,Â£18.02,In stock
The Inefficiency Assassin: Time ...,Five,Â£20.59,In stock
Soul Reader,Two,Â£39.58,In stock
Bossypants,Two,Â£49.46,In stock
A World of Flavor: ...,One,Â£42.95,In stock
"A Piece of Sky, ...",Five,Â£56.76,In stock
Tracing Numbers on a ...,Three,Â£41.60,In stock
Thirteen Reasons Why,One,Â£52.72,In stock
The Secret (The Secret ...,Four,Â£27.37,In stock
The Psychopath Test: A ...,Two,Â£36.00,In stock
The Kite Runner,Four,Â£41.82,In stock
The Girl on the ...,Two,Â£55.02,In stock
The Emerald Mystery,Two,Â£23.15,In stock
The Bridge to Consciousness: ...,Three,Â£32.00,In stock
Mesaerion: The Best Science ...,One,Â£37.59,In stock
Join,Five,Â£35.67,In stock
William Shakespeare's Star Wars: ...,Four,Â£43.30,In stock
The Project,One,Â£10.65,In stock
Soft Apocalypse,Two,Â£26.12,In stock
Sleeping Giants (Themis Files ...,One,Â£48.74,In stock
Arena,Four,Â£21.36,In stock
Foundation (Foundation (Publication Order) ...,One,Â£32.42,In stock
The Restaurant at the ...,One,Â£10.92,In stock
Ready Player One,Four,Â£19.07,In stock
"Life, the Universe and ...",Two,Â£33.26,In stock
Dune (Dune #1),One,Â£54.86,In stock
Do Androids Dream of ...,One,Â£51.48,In stock
Three Wishes (River of ...,Two,Â£44.18,In stock
The Last Girl (The ...,Two,Â£36.26,In stock
Having the Barbarian's Baby ...,Four,Â£34.96,In stock
The Book of Basketball: ...,Five,Â£44.84,In stock
Friday Night Lights: A ...,Three,Â£51.22,In stock
Sugar Rush (Offensive Line ...,One,Â£24.42,In stock
Settling the Score (The ...,Two,Â£44.91,In stock
Icing (Aces Hockey #2),Four,Â£40.44,In stock
The Torch Is Passed: ...,One,Â£19.09,In stock
The Mindfulness and Acceptance ...,Four,Â£23.89,In stock
The Art Forger,Three,Â£40.76,In stock
On a Midnight Clear,Three,Â£14.07,In stock
Judo: Seven Steps to ...,Two,Â£53.90,In stock
"Shobu Samurai, Project Aryoku ...",Three,Â£29.06,In stock
Modern Romance,Five,Â£28.26,In stock
The White Queen (The ...,Five,Â£25.91,In stock
The Song of Achilles,Five,Â£37.40,In stock
The Immortal Life of ...,Two,Â£40.67,In stock
The Dovekeepers,One,Â£48.78,In stock
More Than Music (Chasing ...,Two,Â£37.61,In stock
Code Name Verity (Code ...,Four,Â£22.13,In stock
Cell,Four,Â£20.29,In stock
Angels Walking (Angels Walking ...,Two,Â£34.20,In stock
A Series of Catastrophes ...,Two,Â£56.48,In stock
A People's History of ...,Two,Â£40.79,In stock
A Brush of Wings ...,One,Â£55.51,In stock
Rook,Four,Â£37.86,In stock
The Midnight Watch: A ...,One,Â£26.20,In stock
Unicorn Tracks,Three,Â£18.78,In stock
"Saga, Volume 6 (Saga ...",Three,Â£25.02,In stock
Princess Between Worlds (Wide-Awake ...,Five,Â£13.34,In stock
Masks and Shadows,Two,Â£56.40,In stock
Crown of Midnight (Throne ...,Three,Â£43.29,In stock
Avatar: The Last Airbender: ...,Two,Â£28.09,In stock
A Court of Thorns ...,One,Â£52.37,In stock
Throne of Glass (Throne ...,Three,Â£35.07,In stock
The Glittering Court (The ...,One,Â£44.28,In stock
Hollow City (Miss Peregrineâs ...,One,Â£42.98,In stock
The Star-Touched Queen,Five,Â£46.02,In stock
The Hidden Oracle (The ...,Two,Â£52.26,In stock
The Bane Chronicles (The ...,Four,Â£44.73,In stock
Island of Dragons (Unwanteds ...,One,Â£29.65,In stock
Demigods & Magicians: Percy ...,Five,Â£37.51,In stock
City of Glass (The ...,Four,Â£56.02,In stock
Searching for Meaning in ...,One,Â£38.73,In stock
The Star-Touched Queen,Five,Â£32.30,In stock
A Shard of Ice ...,Three,Â£56.63,In stock
King's Folly (The Kinsman ...,Five,Â£39.61,In stock
Without Borders (Wanderlove #1),Two,Â£45.07,In stock
The Mistake (Off-Campus #2),Three,Â£43.29,In stock
The Matchmaker's Playbook (Wingmen ...,One,Â£55.85,In stock
The Hook Up (Game ...,Five,Â£36.29,In stock
Shameless,Three,Â£58.35,In stock
Off Sides (Off #1),Five,Â£39.45,In stock
